cityName,wellnessCentreName,card_type,count
AHMEDABAD,VEJALPUR,Serving,2177
AHMEDABAD,NAVRANGPURA,Pensioner,3891
AHMEDABAD,"GANDHI NAGAR","Ex MP",19
AHMEDABAD,LALDARWAJA,Pensioner,1562
AHMEDABAD,"RAMBAUG,MANINGAR",Serving,3596
BENGALURU,Banashankari,Serving,4325
BENGALURU,"KA SESHADRIPURAM","Ex MP",31
BENGALURU,"KA SESHADRIPURAM","Freedom Fighter",39
BENGALURU,"KA SHIVAJINAGAR",Serving,5288
BENGALURU,"KA GANGENAHALLI",Serving,10248
BENGALURU,"KA VIJAYANAGAR",Serving,8687
BENGALURU,"KA VIJAYANAGAR",Pensioner,12229
BHOPAL,"VASANT KUNJ BP – 2","Freedom Fighter",1
BHOPAL,"VASANT KUNJ BP – 2",Serving,5153
BHOPAL,INDORE1,Serving,4596
BHUBANESHWAR,"OLD AG COLONY","Freedom Fighter",1
BHUBANESHWAR,"OLD AG COLONY",Serving,7192
BHUBANESHWAR,"KHARAVELA NAGAR",Serving,6100
BHUBANESHWAR,CUTTACK,Pensioner,1984
CHANDIGARH,"CHD Sec 45","Ex MP",46
CHANDIGARH,JAMMU,"Ex MP",4
CHANDIGARH,"Air India",Serving,3
CHANDIGARH,"CGHS WC-2 Jammu",Pensioner,363
CHANDIGARH,AMBALA,Pensioner,7100
CHANDIGARH,AMRITSAR,Pensioner,8727
CHENNAI,MEENAMBAKKAM,Pensioner,10906
CHENNAI,NUNGAMBAKKAM,"Ex MP",18
CHENNAI,PERAMBUR,Pensioner,5444
CHENNAI,RAPURAM,Serving,991
CHENNAI,ROYAPURAM,Pensioner,2531
CHENNAI,ROYAPURAM,Serving,2608
CHENNAI,"Air india",Serving,1
CHENNAI,TIRUNELVELI,Pensioner,1976
CHENNAI,TIRUNELVELI,"Ex MP",9
CHENNAI,TRIPLICANE,"Ex MP",16
CHENNAI,VEPERY,Serving,1163
CHENNAI,ADYAR,Pensioner,5751
CHENNAI,"ANNA NAGAR","Freedom Fighter",20
CHENNAI,GOPALAPURAM,"Freedom Fighter",3
CHENNAI,GOPALAPURAM,Pensioner,2104
CHENNAI,GOPALAPURAM,"Ex MP",64
CHENNAI,GUINDY,"Freedom Fighter",22
CHENNAI,GUINDY,Pensioner,4556
CHENNAI,"K K NAGAR","Freedom Fighter",51
CHENNAI,"K K NAGAR","Ex MP",25
DEHRADUN,"CHAKARATA ROAD","Ex MP",6
"DELHI AND NCR","R K PURAM-IV","Freedom Fighter",1
"DELHI AND NCR","R K PURAM-IV",Jaurnalist,17
"DELHI AND NCR","R K PURAM-IV",Serving,10659
"DELHI AND NCR","RAJOURI GARDEN",Jaurnalist,30
"DELHI AND NCR","RAJOURI GARDEN",Pensioner,7187
"DELHI AND NCR","R K PURAM-V",Jaurnalist,29
"DELHI AND NCR","RAJPUR ROAD",Pensioner,1114
"DELHI AND NCR",JANAKPURI-I,"Freedom Fighter",5
"DELHI AND NCR","ASHOK VIHAR",Jaurnalist,12
"DELHI AND NCR","ASHOK VIHAR",Pensioner,4375
"DELHI AND NCR","ASHOK VIHAR",Serving,6683
"DELHI AND NCR","SADIQ NAGAR",Serving,9562
"DELHI AND NCR","TRI NAGAR",Jaurnalist,14
"DELHI AND NCR","TRI NAGAR",Serving,2878
"DELHI AND NCR","LAXMI NAGAR","Ex MP",9
"DELHI AND NCR",GHAZIABAD,Pensioner,22401
"DELHI AND NCR","R K PURAM-VI","Freedom Fighter",1
"DELHI AND NCR",FARIDABAD,Jaurnalist,59
"DELHI AND NCR",MUNIRKA,Jaurnalist,50
"DELHI AND NCR",MUNIRKA,"Ex MP",3
"DELHI AND NCR","KASTURBA NAGAR-II",Pensioner,552
"DELHI AND NCR","GURUGRAM SECTOR 5",Pensioner,31321
"DELHI AND NCR","MAYUR VIHAR TRILOK KUNJ",Jaurnalist,452
"DELHI AND NCR","MAYUR VIHAR TRILOK KUNJ",Pensioner,11952
"DELHI AND NCR","MAYUR VIHAR TRILOK KUNJ","Ex MP",15
"DELHI AND NCR","CHANDNI CHOWK","Freedom Fighter",3
"DELHI AND NCR","CHANDNI CHOWK",Pensioner,1834
"DELHI AND NCR","PASCHIM VIHAR",Serving,12634
"DELHI AND NCR",PITAMPURA,"Ex MP",2
"DELHI AND NCR","PRAGATI  VIHAR",Jaurnalist,8
"DELHI AND NCR","PRAGATI  VIHAR","Ex MP",7
"DELHI AND NCR","NOIDA ",Pensioner,17013
"DELHI AND NCR",ROHINI,Jaurnalist,49
"DELHI AND NCR",ROHINI,Serving,35283
"DELHI AND NCR","DILSHAD GARDEN",Pensioner,6342
"DELHI AND NCR","SHALIMAR BAGH",Pensioner,4665
"DELHI AND NCR","VASANT KUNJ","Freedom Fighter",1
"DELHI AND NCR","VASANT KUNJ",Serving,28427
"DELHI AND NCR","GURUGRAM SECTOR 55",Pensioner,11446
"DELHI AND NCR","GURUGRAM SECTOR 55","Ex MP",20
"DELHI AND NCR",SHAHIBABAD,"Freedom Fighter",5
"DELHI AND NCR",SHAHIBABAD,Jaurnalist,85
"DELHI AND NCR",SHAHIBABAD,Serving,12707
"DELHI AND NCR","NOIDA SECTOR 82",Jaurnalist,161
"DELHI AND NCR","NOIDA SECTOR 82",Serving,3836
"DELHI AND NCR","VASANT VIHAR","Freedom Fighter",3
"DELHI AND NCR",INDIRAPURAM,Pensioner,10324
"DELHI AND NCR",NARAINA,Pensioner,1847
"DELHI AND NCR","TILAK NAGAR",Pensioner,7675
"DELHI AND NCR","GOLE MARKET ","Ex MP",13
"DELHI AND NCR","LODHI ROAD II",Serving,8578
"DELHI AND NCR","LODHI ROAD II","Ex MP",6
"DELHI AND NCR","DWARKA SECTOR 23",Serving,16548
"DELHI AND NCR",SONIPAT,"Freedom Fighter",3
"DELHI AND NCR","ZILLA SAINIK BOARD FARIDABAD",Pensioner,6147
"DELHI AND NCR","Pratap Vihar",Pensioner,143
"DELHI AND NCR",LAJPATNAGAR,"Ex MP",2
"DELHI AND NCR","KIDWAI NAGAR",Pensioner,1710
"DELHI AND NCR","KIDWAI NAGAR",Serving,11648
"DELHI AND NCR","SAROJINI NAGAR I",Jaurnalist,5
"DELHI AND NCR","LAXMIBAI NAGAR","Ex MP",1
"DELHI AND NCR",MOTIBAGH,Pensioner,3742
"DELHI AND NCR",KAROLBAGH,Pensioner,66
"DELHI AND NCR","PUSA ROAD",Jaurnalist,16
"DELHI AND NCR","PANDARA ROAD ",Jaurnalist,13
"DELHI AND NCR","NETAJI NAGAR",Jaurnalist,4
"DELHI AND NCR","CHANKAYA PURI","Rajya Sabha MP",9
"DELHI AND NCR","KASTURBA NAGAR-I",Jaurnalist,9
"DELHI AND NCR","KASTURBA NAGAR-I",Serving,11213
"DELHI AND NCR","TILAK NAGAR","Freedom Fighter",3
"DELHI AND NCR","PRESIDENTS ESTATE",Serving,3136
"DELHI AND NCR","CAG BUILDING",Pensioner,42
"DELHI AND NCR","NANAK PURA",Pensioner,2726
"DELHI AND NCR","NAUROJI NAGAR","Ex MP",4
"DELHI AND NCR","SOUTH AVENUE",Pensioner,758
"DELHI AND NCR","SOUTH AVENUE","Rajya Sabha MP",115
"DELHI AND NCR","VILLAGE JHARODA KALAN  NAJAFGARH",Jaurnalist,19
"DELHI AND NCR","VILLAGE JHARODA KALAN  NAJAFGARH",Serving,56527
"DELHI AND NCR","TELEGRAPH LANE",Pensioner,1028
"DELHI AND NCR","TELEGRAPH LANE",Serving,2260
"DELHI AND NCR","DWARKA SECTOR 9",Serving,63114
"DELHI AND NCR","ANDREWS GANJ",Serving,9600
"DELHI AND NCR","MINTO ROAD",Pensioner,2044
"DELHI AND NCR","MINTO ROAD","Ex MP",3
"DELHI AND NCR","JUNG PURA",Jaurnalist,54
"DELHI AND NCR","JUNG PURA",Pensioner,1884
"DELHI AND NCR","MALVIYA NAGAR","Ex MP",12
"DELHI AND NCR","KALKA  JI - I",Jaurnalist,48
"DELHI AND NCR","KALKA  JI - I",Pensioner,6189
"DELHI AND NCR","DR Z.H ROAD",Jaurnalist,25
"DELHI AND NCR","DR Z.H ROAD",Serving,2285
"DELHI AND NCR","DR Z.H ROAD","Ex MP",60
"DELHI AND NCR","NEW RAJINDER NAGAR",Serving,3167
"DELHI AND NCR","R K PURAM-II",Pensioner,2531
"DELHI AND NCR","R K PURAM-II","Ex MP",1
"DELHI AND NCR","HAUZ KHAS",Jaurnalist,42
"DELHI AND NCR","HAUZ KHAS",Serving,8056
"DELHI AND NCR",PAHARGANJ,Pensioner,1717
"DELHI AND NCR",PAHARGANJ,Serving,5526
"DELHI AND NCR",PAHARGANJ,"Ex MP",3
"DELHI AND NCR","R K PURAM-III ",Pensioner,3373
"DELHI AND NCR","PHA (ANNEXE) ",Serving,6
"DELHI AND NCR","PHA (ANNEXE) ","Ex MP",38
GUWAHATI,"GUWAHATI 3","Freedom Fighter",4
GUWAHATI,"GUWAHATI 3",Serving,17576
GUWAHATI,"GUWAHATI 3","Ex MP",12
GUWAHATI,DIBRUGARH,Pensioner,318
GUWAHATI,SILCHAR,Serving,3749
GUWAHATI,SILCHAR,Pensioner,487
HYDERABAD,GUNTUR,Pensioner,3448
HYDERABAD,ALWAL,Pensioner,12043
HYDERABAD,"VISAKHAPATNAM WC NO 2",Serving,6655
HYDERABAD,VIJYAWADA,"Ex MP",2
HYDERABAD,CHARMINAR,Serving,1700
HYDERABAD,"A. G COLONY","Freedom Fighter",192
HYDERABAD,"KAKATIYA NAGAR",Pensioner,10952
HYDERABAD,"HUMAYUN NAGAR",Pensioner,8656
HYDERABAD,"HUMAYUN NAGAR",Serving,6083
HYDERABAD,"PADMARAO NAGAR","Ex MP",2
HYDERABAD,BEGUMPET,"Freedom Fighter",3237
HYDERABAD,BEGUMPET,"Lok Sabha MP",15
HYDERABAD,"HIMAYAT NAGAR",Serving,5554
HYDERABAD,KANCHANBAGH,"Freedom Fighter",13
JABALPUR,"Head Post Office Compound","Rajya Sabha MP",2
JABALPUR,"Head Post Office Compound",Pensioner,10375
JABALPUR,"Vaidyanathan Nagar",Pensioner,19584
JABALPUR,"Napier Town","Ex MP",4
JAIPUR,AJMER,Pensioner,3217
JAIPUR,"JYOTI NAGAR","Ex MP",12
JAIPUR,"MALVIYA NAGAR",Serving,9159
JAIPUR,"MALVIYA NAGAR","Ex MP",5
JAIPUR,"Polyclinic A.G. Colony Bajaj Nagar, ",Serving,11
JAIPUR,JODHPUR,Pensioner,3200
JAIPUR,JODHPUR,Serving,8708
JAIPUR,KOTA,"Freedom Fighter",5
JAIPUR,KOTA,Pensioner,868
KANPUR,"PANDU NAGAR",Serving,2778
KANPUR,"AZAD NAGAR",Serving,1895
KANPUR,"CIVIL LINES",Serving,2156
KANPUR,"KHAPRA MOHAL",Serving,2733
KOLKATA,JALPAIGURI,Pensioner,855
KOLKATA,JALPAIGURI,Serving,1508
KOLKATA,JALPAIGURI,"Ex MP",2
KOLKATA,SILIGURI,Serving,7117
KOLKATA,"Air India",Pensioner,14
KOLKATA,"SALT LAKE  IC BLOCK DISPENSARY","Ex MP",17
KOLKATA,NARKELDANGA,Serving,2887
KOLKATA,SHYAMBAZAR,Serving,2619
KOLKATA,RAJDANGA,Serving,6743
KOLKATA,"BHOWANIPUR KALIGHAT",Serving,1251
KOLKATA,"BBD BAG ","Ex MP",72
KOLKATA,"SANTRAGACHI ",Pensioner,4025
KOLKATA,"SANTRAGACHI ",Serving,3493
KOLKATA,"SALT LAKE ,AF","Freedom Fighter",22
KOLKATA,AIRPORT,"Freedom Fighter",102
KOLKATA,"LAKE TOWN","Freedom Fighter",77
KOLKATA,"LAKE TOWN",Pensioner,5507
KOLKATA,TOLLYGUNJ,"Freedom Fighter",123
KOLKATA,"SALT LAKE  EB",Serving,3635
LUCKNOW,Lucknow3,Pensioner,5557
LUCKNOW,Lucknow3,"Ex MP",4
LUCKNOW,Lucknow5,"Freedom Fighter",1
LUCKNOW,"GOL Market","Ex MP",4
LUCKNOW,"GOL Market",Serving,1273
LUCKNOW,"Lucknow 1",Serving,10537
MEERUT,"Shastri Nagar Meerut",Serving,2572
MEERUT,"Lekha Nagar Meerut","Freedom Fighter",2
MEERUT,"Gill Colony Saharanpur",Pensioner,867
MUMBAI,NASHIK,Serving,7023
MUMBAI,AMBARNATH,Pensioner,12666
MUMBAI,"CBD BELAPUR",Serving,23651
MUMBAI,WAKOLA,Serving,2052
MUMBAI,MULUND,Pensioner,10145
MUMBAI,MULUND,Serving,2837
MUMBAI,KANDIVALI,Pensioner,19336
MUMBAI,KANDIVALI,Serving,5128
MUMBAI,"PAREL ",Serving,4149
MUMBAI,JUHU,"Freedom Fighter",16
MUMBAI,WORLI,Serving,2902
MUMBAI,THAKURLI,Serving,2994
MUMBAI,SANTAKRUZ,Serving,4301
NAGPUR,"CHINDWARA ROAD",Serving,502
NAGPUR,"KATOL ROAD",Pensioner,6331
NAGPUR,"SEMINARY HILLS",Pensioner,2599
NAGPUR,ITWARI,"Freedom Fighter",12
NAGPUR,ITWARI,"Lok Sabha MP",2
NAGPUR,ITWARI,Pensioner,3778
NAGPUR,"MEDICAL SQUARE","Freedom Fighter",4
NAGPUR,"MEDICAL SQUARE",Serving,2432
NAGPUR,"SHANKAR NAGAR","Lok Sabha MP",1
NAGPUR,"SHANKAR NAGAR",Pensioner,5424
NAGPUR,"SHANKAR NAGAR",Serving,2625
NAGPUR,SITABULDI,"Freedom Fighter",13
NAGPUR,"SANKAR DARA","Freedom Fighter",21
PATNA,GAYA,Pensioner,155
PATNA,DARBHANGA,Serving,844
PATNA,DARBHANGA,Pensioner,174
PATNA,DARBHANGA,"Freedom Fighter",1
PATNA,"BORING CANAL ROAD","Ex MP",8
PATNA,"SOUTH CHAJU BAGH",Serving,2
PATNA,"KANKAR BAGH","Ex MP",1
PRAYAGRAJ,"Kendranchal Colony",Pensioner,4222
PRAYAGRAJ,Drummond,"Ex MP",1
PRAYAGRAJ,"Jawahar Lal Nehru Road",Pensioner,6183
PRAYAGRAJ,"Jawahar Lal Nehru Road","Freedom Fighter",3
PUNE,"GT ROAD EAST STREET","Ex MP",3
PUNE,"PUNE Polyclinic",Pensioner,2
PUNE,"GST BHAVAN AURANGABAD ",Pensioner,1438
PUNE,"PUNE CAMP",Serving,4251
PUNE,"PUNE CAMP","Freedom Fighter",19
PUNE,"PHULENAGAR, YERWADA",Pensioner,17112
PUNE,"Air India",Pensioner,18
PUNE,"RANGE HILLS, KIRKEE",Pensioner,13539
PUNE,"RANGE HILLS, KIRKEE","Rajya Sabha MP",1
PUNE,"RANGE HILLS, KIRKEE","Ex MP",3
PUNE,"MUKUND NAGAR",Pensioner,17278
PUNE,"SHUKRAWAR PETH",Serving,2154
PUNE,"SHUKRAWAR PETH","Ex MP",2
RANCHI,DHANBAD,Pensioner,843
TRIVANDRUM,COCHIN,Pensioner,8859
TRIVANDRUM,TRIVANDRUM,"Ex MP",7
TRIVANDRUM,CALICUT,Pensioner,5117
TRIVANDRUM,KANNUR,Serving,393
AHMEDABAD,Vadodara,Pensioner,4383
AHMEDABAD,"ASHRAM ROAD",Serving,8538
AHMEDABAD,VEJALPUR,Pensioner,1855
AHMEDABAD,VEJALPUR,"Ex MP",1
AHMEDABAD,NAVRANGPURA,Serving,5850
AHMEDABAD,NAVRANGPURA,"Ex MP",20
AHMEDABAD,"PRAGATINAGAR, NARANPURA",Pensioner,5104
AHMEDABAD,NARODA,"Freedom Fighter",3
AHMEDABAD,NARODA,"Ex MP",9
AHMEDABAD,"GANDHI NAGAR",Serving,20681
AHMEDABAD,BOPAL,Serving,1316
BENGALURU,"KA SESHADRIPURAM",Pensioner,10243
BENGALURU,"KA SHIVAJINAGAR","Freedom Fighter",7
BENGALURU,"Mysuru Wellness center",Pensioner,3771
BENGALURU,"KA CGHS POLYCLINIC SHIVAJINAGAR",Serving,4
BENGALURU,"KA C. V. RAMAN NAGAR","Freedom Fighter",2
BENGALURU,"KA DOMLUR",Serving,8434
BENGALURU,"KA KORAMANGALA",Serving,10910
BENGALURU,"KA KORAMANGALA",Pensioner,6852
BENGALURU,"KA JAYANAGAR","Ex MP",27
BHOPAL,"JAHANGIRABAD BP – 1",Serving,11859
BHOPAL,"VASANT KUNJ BP – 2","Ex MP",12
BHUBANESHWAR,BHUBANESHWAR,Pensioner,2
BHUBANESHWAR,BHUBANESHWAR,Serving,3
BHUBANESHWAR," CGHS WC BERHAMPUR",Serving,1480
BHUBANESHWAR,"PMG Square",Pensioner,4814
CHANDIGARH,"CHD Sec 45",Pensioner,31315
CHANDIGARH,JAMMU,Serving,12815
CHANDIGARH," PANCHKULA ",Serving,1339
CHANDIGARH,JAMMU,Pensioner,7116
CHANDIGARH,JALANDHAR,Pensioner,11559
CHANDIGARH,SHIMLA,Serving,4228
CHANDIGARH,JAMMU,"Freedom Fighter",1
CHENNAI,MEENAMBAKKAM,"Ex MP",9
CHENNAI,NANDAMBAKKAM,"Ex MP",10
CHENNAI,NUNGAMBAKKAM,Serving,4438
CHENNAI,PERAMBUR,Serving,4423
CHENNAI,RAPURAM,"Freedom Fighter",3
CHENNAI,TRIPLICANE,"Freedom Fighter",4
CHENNAI,TRIPLICANE,Serving,2185
CHENNAI,TRICHY,"Freedom Fighter",4
CHENNAI,TRICHY,Serving,2707
CHENNAI,TRICHY,"Ex MP",5
CHENNAI,VEPERY,"Freedom Fighter",30
CHENNAI,VEPERY,Pensioner,1516
CHENNAI,VEPERY,"Ex MP",2
CHENNAI,ADYAR,"Freedom Fighter",10
CHENNAI,"ANNA NAGAR","Ex MP",73
CHENNAI,AVADI,Pensioner,17297
CHENNAI,AVADI,Serving,10427
CHENNAI,GUINDY,Serving,3978
CHENNAI,"K K NAGAR",Serving,9815
DEHRADUN,"RAIPUR ROAD",Serving,8710
"DELHI AND NCR","RAJOURI GARDEN","Freedom Fighter",4
"DELHI AND NCR","RAJOURI GARDEN",Serving,10493
"DELHI AND NCR","RAJOURI GARDEN","Ex MP",3
"DELHI AND NCR","R K PURAM-V",Serving,12064
"DELHI AND NCR","RAJPUR ROAD",Serving,2259
"DELHI AND NCR","SUBZI MANDI",Jaurnalist,6
"DELHI AND NCR","KINGSWAY CAMP","Ex MP",1
"DELHI AND NCR",JANAKPURI-I,Pensioner,20004
"DELHI AND NCR",JANAKPURI-I,Serving,42939
"DELHI AND NCR","SADIQ NAGAR","Ex MP",4
"DELHI AND NCR","MEHRAULI BADARPUR ROAD (M B ROAD)","Freedom Fighter",3
"DELHI AND NCR","MEHRAULI BADARPUR ROAD (M B ROAD)",Pensioner,7614
"DELHI AND NCR","LAXMI NAGAR",Jaurnalist,487
"DELHI AND NCR","LAXMI NAGAR",Pensioner,12473
"DELHI AND NCR","TIMAR PUR ",Jaurnalist,53
"DELHI AND NCR","TIMAR PUR ",Pensioner,5965
"DELHI AND NCR","GURUGRAM SECTOR 5","Freedom Fighter",46
"DELHI AND NCR","KALI BARI",Serving,6971
"DELHI AND NCR","MAYUR VIHAR TRILOK KUNJ",Serving,20566
"DELHI AND NCR","PUSHP VIHAR(PUSHP VIHAR SECTOR 4) ","Freedom Fighter",2
"DELHI AND NCR","PUSHP VIHAR(PUSHP VIHAR SECTOR 4) ",Jaurnalist,97
"DELHI AND NCR","PUSHP VIHAR(PUSHP VIHAR SECTOR 4) ",Pensioner,8406
"DELHI AND NCR","PUSHP VIHAR(PUSHP VIHAR SECTOR 4) ",Serving,51023
"DELHI AND NCR","VIVEK VIHAR","Freedom Fighter",1
"DELHI AND NCR","VIVEK VIHAR",Jaurnalist,83
"DELHI AND NCR","PASCHIM VIHAR","Ex MP",7
"DELHI AND NCR","SUNDER VIHAR ",Pensioner,6585
"DELHI AND NCR","NOIDA ","Ex MP",8
"DELHI AND NCR","DILSHAD GARDEN","Freedom Fighter",2
"DELHI AND NCR","LODHI ROAD-I (ALI GANJ)",Serving,7223
"DELHI AND NCR","SARITA VIHAR",Pensioner,5731
"DELHI AND NCR","SARITA VIHAR","Ex MP",2
"DELHI AND NCR","VASANT KUNJ","Ex MP",15
"DELHI AND NCR","GURUGRAM SECTOR 55",Serving,17084
"DELHI AND NCR","NOIDA SECTOR 82","Ex MP",1
"DELHI AND NCR","VASANT VIHAR","Ex MP",5
"DELHI AND NCR",INDIRAPURAM,Jaurnalist,407
"DELHI AND NCR",PATPARGANJ,Serving,2420
"DELHI AND NCR","ZILLA SAINIK BOARD FARIDABAD",Serving,4819
"DELHI AND NCR",Narela,Pensioner,1501
"DELHI AND NCR",LAJPATNAGAR,Jaurnalist,33
"DELHI AND NCR",LAJPATNAGAR,Pensioner,3121
"DELHI AND NCR",LAJPATNAGAR,Serving,3253
"DELHI AND NCR","KIDWAI NAGAR","Freedom Fighter",1
"DELHI AND NCR","LAXMIBAI NAGAR",Serving,9606
"DELHI AND NCR",MOTIBAGH,"Freedom Fighter",6
"DELHI AND NCR",MOTIBAGH,"Ex MP",5
"DELHI AND NCR","VIKAS PURI",Serving,13447
"DELHI AND NCR","PUSA ROAD",Serving,1918
"DELHI AND NCR","PANDARA ROAD ","Lok Sabha MP",3
"DELHI AND NCR","PANDARA ROAD ",Serving,5579
"DELHI AND NCR","PATEL NAGAR-I(EAST)","Ex MP",4
"DELHI AND NCR","NETAJI NAGAR","Ex MP",3
"DELHI AND NCR","GREATER NOIDA ",Jaurnalist,170
"DELHI AND NCR","GREATER NOIDA ","Ex MP",9
"DELHI AND NCR","CHANKAYA PURI",Pensioner,1485
"DELHI AND NCR","KASTURBA NAGAR-I","Rajya Sabha MP",2
"DELHI AND NCR","KASTURBA NAGAR-I","Ex MP",10
"DELHI AND NCR","TILAK NAGAR",Jaurnalist,14
"DELHI AND NCR","CAG BUILDING",Serving,185
"DELHI AND NCR","NORTH AVENUE","Freedom Fighter",15
"DELHI AND NCR","NORTH AVENUE","Lok Sabha MP",10
"DELHI AND NCR","SOUTH AVENUE","Ex MP",705
"DELHI AND NCR","VILLAGE JHARODA KALAN  NAJAFGARH","Freedom Fighter",3
"DELHI AND NCR","SAROJINI NAGAR MARKET","Freedom Fighter",1
"DELHI AND NCR","SAROJINI NAGAR MARKET",Serving,830
"DELHI AND NCR","DWARKA SECTOR 9",Pensioner,18927
"DELHI AND NCR","DWARKA SECTOR 9","Ex MP",12
"DELHI AND NCR",SHRINIVASPURI,Jaurnalist,89
"DELHI AND NCR","PATEL NAGAR-II(WEST)",Jaurnalist,13
"DELHI AND NCR","PATEL NAGAR-II(WEST)",Serving,7313
"DELHI AND NCR","PATEL NAGAR-II(WEST)","Ex MP",3
"DELHI AND NCR","ANDREWS GANJ",Pensioner,2561
"DELHI AND NCR","ANDREWS GANJ","Ex MP",20
"DELHI AND NCR","JUNG PURA","Freedom Fighter",2
"DELHI AND NCR","DR Z.H ROAD","Freedom Fighter",2
"DELHI AND NCR","NEW RAJINDER NAGAR","Ex MP",2
"DELHI AND NCR","R K PURAM-II",Serving,9021
"DELHI AND NCR","MAYA PURI (HARI NAGAR)","Freedom Fighter",1
"DELHI AND NCR","MAYA PURI (HARI NAGAR)",Jaurnalist,12
"DELHI AND NCR",SHAHDARA,Jaurnalist,59
"DELHI AND NCR",SHAHDARA,Serving,27713
"DELHI AND NCR","R K PURAM-III ",Serving,6933
GUWAHATI,"GUWAHATI 3",Pensioner,2703
GUWAHATI,AiZwal,"Ex MP",7
GUWAHATI,"GUWAHATI 1",Pensioner,4264
GUWAHATI,KOHIMA,Serving,2886
GUWAHATI,Gangtok,"Ex MP",1
GUWAHATI,"GUWAHATI 5","Ex MP",3
GUWAHATI,"GUWAHATI 4","Freedom Fighter",4
GUWAHATI,"GUWAHATI 2",Pensioner,2526
HYDERABAD,GUNTUR,Serving,1781
HYDERABAD,KANCHANBAGH,Serving,22808
HYDERABAD,VISAKHAPATNAM,Pensioner,9715
HYDERABAD,"VISAKHAPATNAM WC NO 2","Ex MP",5
HYDERABAD,NELLORE,Serving,1244
HYDERABAD,VIJYAWADA,Serving,6768
HYDERABAD,"A. G COLONY",Pensioner,9543
HYDERABAD,DILSUKHNAGAR,"Freedom Fighter",877
HYDERABAD,"CGHS Polyclinic-II Saifabad",Pensioner,3
HYDERABAD,"PADMARAO NAGAR",Serving,5060
HYDERABAD,"HIMAYAT NAGAR","Ex MP",85
HYDERABAD,KACHIGUDA,"Ex MP",6
HYDERABAD,MALAKPET,"Freedom Fighter",257
HYDERABAD,MALAKPET,"Ex MP",4
JABALPUR,Adhartal,Serving,815
JABALPUR,"Westland Khamaria",Serving,1357
JABALPUR,"Westland Khamaria",Pensioner,6398
JABALPUR,"Napier Town","Lok Sabha MP",1
JABALPUR,"Kamla Nehru Nagar",Serving,4684
JAIPUR,"CHANDAN MAHAL","Freedom Fighter",1
JAIPUR,AJMER,Serving,5393
JAIPUR,"JANTA COLONY",Serving,1295
JAIPUR,"JYOTI NAGAR",Serving,6869
KANPUR,KENDRANCHAL,"Freedom Fighter",6
KANPUR,"RAKSHA VIHAR",Serving,11621
KANPUR,"RATAN LAL NAGAR",Serving,3982
KANPUR,"AZAD NAGAR",Pensioner,3268
KANPUR,"SAKET NAGAR","Ex MP",3
KANPUR,"R. K. NAGAR",Serving,1271
KOLKATA,SILIGURI,"Freedom Fighter",1
KOLKATA,"SALT LAKE  IC BLOCK DISPENSARY","Freedom Fighter",3
KOLKATA,"SALT LAKE  IC BLOCK DISPENSARY",Pensioner,2625
KOLKATA,"SALT LAKE  IC BLOCK DISPENSARY",Serving,6991
KOLKATA,"LAKE AREA","Ex MP",3
KOLKATA,"DOVER LANE","Freedom Fighter",315
KOLKATA,SHYAMBAZAR,"Ex MP",19
KOLKATA,RAJDANGA,"Freedom Fighter",113
KOLKATA,"BHOWANIPUR KALIGHAT","Ex MP",8
KOLKATA,"MINT COLONY","Freedom Fighter",60
KOLKATA,BELVEDERE,"Ex MP",5
KOLKATA,"BBD BAG ","Freedom Fighter",649
KOLKATA,"SANTRAGACHI ","Freedom Fighter",30
KOLKATA,"SALT LAKE ,AF",Pensioner,4016
KOLKATA,AIRPORT,Serving,7427
KOLKATA,"SALT LAKE  EB","Freedom Fighter",39
KOLKATA,"Motilal Gupta Road","Freedom Fighter",20
LUCKNOW,AGRA,Pensioner,2833
LUCKNOW,Aishbagh,Serving,384
LUCKNOW,Lucknow3,Serving,11849
LUCKNOW,Lucknow4,Pensioner,3223
LUCKNOW,Lucknow5,Pensioner,3262
LUCKNOW,Lucknow6,Pensioner,6030
MEERUT," CGHS WC MORADABAD",Pensioner,1298
MEERUT," CGHS WC MORADABAD",Serving,1407
MEERUT,"Vijay Nagar Meerut",Serving,1768
MEERUT,"Kanker Khera Meerut",Pensioner,5298
MEERUT,"S K Road Meerut",Pensioner,3392
MEERUT,"S K Road Meerut","Ex MP",9
MEERUT,"Lekha Nagar Meerut",Serving,6212
MEERUT," CGHS WC ALIGARH",Pensioner,1283
MUMBAI,"C G O NEW MARINE LINES","Freedom Fighter",15
MUMBAI,BOMBOLIM,Serving,5569
MUMBAI,"C G O NEW MARINE LINES",Serving,7103
MUMBAI,DEONAR,"Freedom Fighter",2
MUMBAI,OSHIWARA,"Freedom Fighter",2
MUMBAI,OSHIWARA,Serving,373
MUMBAI,BHANDUP,"Freedom Fighter",2
MUMBAI,BHANDUP,Pensioner,4218
MUMBAI,MULUND,"Freedom Fighter",7
MUMBAI,KANDIVALI,"Freedom Fighter",10
MUMBAI,"PAREL ",Pensioner,3203
MUMBAI,"PAREL ","Ex MP",1
MUMBAI,"KANJURMARG POWAI","Freedom Fighter",1
MUMBAI,SEEPZ,"Freedom Fighter",2
MUMBAI,SEEPZ,Pensioner,1907
MUMBAI,THAKURLI,Pensioner,6803
MUMBAI,SANTAKRUZ,Pensioner,8236
MUMBAI,SANTAKRUZ,"Ex MP",5
MUMBAI,GHATKOPAR,Pensioner,7529
MUMBAI,WADALA,Pensioner,2287
MUMBAI,KOLIWADA,"Ex MP",3
MUMBAI,"CLI SION",Pensioner,2089
MUMBAI,BOMBOLIM,Pensioner,720
NAGPUR,"KATOL ROAD","Freedom Fighter",3
NAGPUR,"KATOL ROAD",Serving,6198
NAGPUR,Wadi,Serving,196
NAGPUR,"PANCH PAOLI",Serving,2610
NAGPUR,ITWARI,Serving,1211
NAGPUR,SITABULDI,Pensioner,2467
NAGPUR,SITABULDI,"Ex MP",5
NAGPUR,"SANKAR DARA","Ex MP",4
PATNA,MUZAFFARPUR,Serving,2403
PATNA,"BORING CANAL ROAD",Serving,3539
PATNA,"BUDHA MARG",Pensioner,6148
PRAYAGRAJ,Naini,Serving,2929
PRAYAGRAJ,"BARALAL PUR VARANASI",Serving,4752
PRAYAGRAJ,"New Katra",Pensioner,4757
PRAYAGRAJ,Drummond,"Freedom Fighter",1
PRAYAGRAJ,"Jawahar Lal Nehru Road",Serving,5516
PUNE,"GST BHAVAN AURANGABAD ",Serving,1956
PUNE,"MANGALWAR PETH",Pensioner,5740
PUNE,"MANGALWAR PETH","Freedom Fighter",51
PUNE,"AKURDI ",Serving,5024
PUNE,"PHULENAGAR, YERWADA","Ex MP",1
PUNE,"AKURDI ",Pensioner,13781
PUNE,"AKURDI ","Freedom Fighter",15
PUNE,"PHULENAGAR, YERWADA","Freedom Fighter",16
PUNE,"PUNE 05","Freedom Fighter",9
PUNE,"PUNE 05",Pensioner,12860
PUNE,"MUKUND NAGAR","Freedom Fighter",231
PUNE,"SHUKRAWAR PETH","Freedom Fighter",7
RANCHI,DHANBAD,Serving,2450
RANCHI,"KANTA TOLI","Freedom Fighter",18
RANCHI,"NEW AG COLONY, DORANDA",Pensioner,5272
SHILLONG,SHILLONG,Pensioner,1155
SHILLONG,"Air India",Serving,3
TRIVANDRUM,COCHIN,Serving,3068
TRIVANDRUM,"TRIVANDRUM 3","Lok Sabha MP",2
AHMEDABAD,Vadodara,"Ex MP",10
AHMEDABAD,"PRAGATINAGAR, NARANPURA","Freedom Fighter",5
AHMEDABAD,NARODA,Pensioner,3799
AHMEDABAD,"GANDHI NAGAR",Pensioner,2558
AHMEDABAD,LALDARWAJA,Serving,1429
AHMEDABAD,"RAMBAUG,MANINGAR",Pensioner,3759
BENGALURU,"KA C. V. RAMAN NAGAR",Serving,15521
BENGALURU,"KA C. V. RAMAN NAGAR",Pensioner,6689
BENGALURU,"KA GANGENAHALLI","Freedom Fighter",8
BENGALURU,"KA SHIVAJINAGAR",Pensioner,8928
BENGALURU,HBR,Serving,5310
BHOPAL,"JAHANGIRABAD BP – 1","Freedom Fighter",16
BHOPAL,"JAHANGIRABAD BP – 1",Pensioner,9265
BHOPAL,"VASANT KUNJ BP – 2",Pensioner,6926
BHOPAL,INDORE1,Pensioner,6337
BHUBANESHWAR,"OLD AG COLONY","Ex MP",26
BHUBANESHWAR,CUTTACK,Serving,3444
BHUBANESHWAR,"PMG Square",Serving,7191
CHANDIGARH,"CHD Sec 45",Serving,19475
CHANDIGARH," PANCHKULA ",Pensioner,1296
CHANDIGARH,SHIMLA,Pensioner,3006
CHANDIGARH,AMRITSAR,Serving,5842
CHANDIGARH,JAMMU,Jaurnalist,1
CHENNAI,MEENAMBAKKAM,Serving,7934
CHENNAI,NANDAMBAKKAM,Pensioner,2097
CHENNAI,NANDAMBAKKAM,Serving,2571
CHENNAI,NUNGAMBAKKAM,Pensioner,2191
CHENNAI,PERAMBUR,"Freedom Fighter",517
CHENNAI,ROYAPURAM,"Freedom Fighter",162
CHENNAI,PUDUCHERRY,Serving,2512
CHENNAI,"Air india",Pensioner,11
CHENNAI,TIRUNELVELI,Serving,895
CHENNAI,COIMBATORE,Pensioner,4453
CHENNAI,COIMBATORE,"Ex MP",11
CHENNAI,AVADI,"Ex MP",4
DEHRADUN,DEHRADUN,"Freedom Fighter",7
"DELHI AND NCR","CHITRA GUPTA ROAD",Serving,6952
"DELHI AND NCR",INDERPURI,Pensioner,2098
"DELHI AND NCR","G.K.G Krishna Nagar",Jaurnalist,42
"DELHI AND NCR","G.K.G Krishna Nagar",Pensioner,6090
"DELHI AND NCR","NANGAL RAYA",Pensioner,7024
"DELHI AND NCR","SUBZI MANDI","Freedom Fighter",1
"DELHI AND NCR","SUBZI MANDI",Pensioner,3439
"DELHI AND NCR","SUBZI MANDI",Serving,5623
"DELHI AND NCR","KINGSWAY CAMP",Pensioner,12457
"DELHI AND NCR","ASHOK VIHAR","Ex MP",2
"DELHI AND NCR","MEHRAULI BADARPUR ROAD (M B ROAD)",Jaurnalist,37
"DELHI AND NCR","PALAM COLONY",Jaurnalist,41
"DELHI AND NCR","PALAM COLONY","Rajya Sabha MP",2
"DELHI AND NCR","R K PURAM-VI",Pensioner,2535
"DELHI AND NCR",FARIDABAD,"Ex MP",1
"DELHI AND NCR","KASTURBA NAGAR-II",Serving,1548
"DELHI AND NCR","KASTURBA NAGAR-II","Ex MP",5
"DELHI AND NCR","GURUGRAM SECTOR 5",Jaurnalist,38
"DELHI AND NCR",KALKAJI-II,Pensioner,3112
"DELHI AND NCR",KALKAJI-II,Serving,4664
"DELHI AND NCR",KALKAJI-II,"Ex MP",4
"DELHI AND NCR","KALI BARI",Jaurnalist,6
"DELHI AND NCR","MAYUR VIHAR TRILOK KUNJ","Freedom Fighter",6
"DELHI AND NCR","MAYUR VIHAR TRILOK KUNJ","Lok Sabha MP",1
"DELHI AND NCR","CHANDNI CHOWK",Jaurnalist,25
"DELHI AND NCR","PASCHIM VIHAR",Jaurnalist,41
"DELHI AND NCR","PASCHIM VIHAR",Pensioner,13042
"DELHI AND NCR","PRAGATI  VIHAR",Serving,8632
"DELHI AND NCR","YAMUNA VIHAR",Jaurnalist,93
"DELHI AND NCR","YAMUNA VIHAR",Serving,66423
"DELHI AND NCR","NOIDA ",Serving,17742
"DELHI AND NCR","DILSHAD GARDEN",Jaurnalist,76
"DELHI AND NCR","LODHI ROAD-I (ALI GANJ)",Jaurnalist,29
"DELHI AND NCR","LODHI ROAD-I (ALI GANJ)","Ex MP",3
"DELHI AND NCR","VASANT KUNJ","Rajya Sabha MP",6
"DELHI AND NCR","NOIDA SECTOR 82","Freedom Fighter",1
"DELHI AND NCR",INDIRAPURAM,"Freedom Fighter",4
"DELHI AND NCR",NARAINA,Serving,6467
"DELHI AND NCR","LODHI ROAD II",Pensioner,3750
"DELHI AND NCR","DWARKA SECTOR 23","Ex MP",1
"DELHI AND NCR",PATPARGANJ,Pensioner,4182
"DELHI AND NCR","MAYUR VIHAR PH II",Serving,2312
"DELHI AND NCR",SONIPAT,Pensioner,7730
"DELHI AND NCR","SAROJINI NAGAR I",Pensioner,846
"DELHI AND NCR","LAXMIBAI NAGAR","Freedom Fighter",3
"DELHI AND NCR","LAXMIBAI NAGAR",Jaurnalist,14
"DELHI AND NCR",MOTIBAGH,Jaurnalist,23
"DELHI AND NCR",KAROLBAGH,Jaurnalist,1
"DELHI AND NCR","VIKAS PURI",Pensioner,8436
"DELHI AND NCR","DEV NAGAR",Jaurnalist,28
"DELHI AND NCR","DEV NAGAR","Ex MP",1
"DELHI AND NCR","PATEL NAGAR-I(EAST)",Pensioner,175
"DELHI AND NCR","NETAJI NAGAR",Serving,2676
"DELHI AND NCR","GREATER NOIDA ","Freedom Fighter",2
"DELHI AND NCR","GREATER NOIDA ",Pensioner,8399
"DELHI AND NCR","KASTURBA NAGAR-I",Pensioner,1629
"DELHI AND NCR","PRESIDENTS ESTATE","Freedom Fighter",2
"DELHI AND NCR","PRESIDENTS ESTATE",Jaurnalist,2
"DELHI AND NCR","PRESIDENTS ESTATE",Pensioner,1135
"DELHI AND NCR","NAUROJI NAGAR",Jaurnalist,9
"DELHI AND NCR","NORTH AVENUE",Pensioner,989
"DELHI AND NCR","SOUTH AVENUE","Freedom Fighter",7
"DELHI AND NCR","SOUTH AVENUE",Serving,2569
"DELHI AND NCR","VILLAGE JHARODA KALAN  NAJAFGARH",Pensioner,16034
"DELHI AND NCR","TELEGRAPH LANE","Freedom Fighter",10
"DELHI AND NCR","SAROJINI NAGAR MARKET",Pensioner,479
"DELHI AND NCR",SHRINIVASPURI,Serving,13660
"DELHI AND NCR","MINTO ROAD",Serving,6200
"DELHI AND NCR","JUNG PURA","Ex MP",3
"DELHI AND NCR","MALVIYA NAGAR",Jaurnalist,52
"DELHI AND NCR","MALVIYA NAGAR",Pensioner,4015
"DELHI AND NCR","KALKA  JI - I","Ex MP",11
"DELHI AND NCR","R K PURAM-I",Serving,36092
"DELHI AND NCR","DR Z.H ROAD","Rajya Sabha MP",24
"DELHI AND NCR","NEW RAJINDER NAGAR",Jaurnalist,31
"DELHI AND NCR","NEW RAJINDER NAGAR",Pensioner,2323
"DELHI AND NCR","HAUZ KHAS","Freedom Fighter",8
"DELHI AND NCR","HAUZ KHAS",Pensioner,6029
"DELHI AND NCR","MAYA PURI (HARI NAGAR)",Pensioner,6888
"DELHI AND NCR",SHAHDARA,Pensioner,9989
"DELHI AND NCR",PAHARGANJ,"Freedom Fighter",1
"DELHI AND NCR","CHITRA GUPTA ROAD",Pensioner,1844
"DELHI AND NCR","PHA (ANNEXE) ","Rajya Sabha MP",2
GUWAHATI,Gangtok,Pensioner,71
GUWAHATI,DIBRUGARH,Serving,2525
GUWAHATI,Itanagar,Serving,251
HYDERABAD,RAJAHMUNDRY,Pensioner,2987
HYDERABAD,GUNTUR,"Freedom Fighter",2
HYDERABAD,ALWAL,"Ex MP",4
HYDERABAD,VISAKHAPATNAM,"Ex MP",14
HYDERABAD,RAJAHMUNDRY,Serving,1335
HYDERABAD,VIJYAWADA,Pensioner,5646
HYDERABAD,NELLORE,"Ex MP",5
HYDERABAD,DILSUKHNAGAR,Serving,7778
HYDERABAD,DILSUKHNAGAR,"Ex MP",2
HYDERABAD,TARNAKA,Pensioner,11423
HYDERABAD,TARNAKA,"Ex MP",6
HYDERABAD,"HUMAYUN NAGAR","Freedom Fighter",83
HYDERABAD,BEGUMPET,"Ex MP",151
HYDERABAD,"HIMAYAT NAGAR","Freedom Fighter",383
HYDERABAD,"HIMAYAT NAGAR",Pensioner,4356
HYDERABAD,KACHIGUDA,"Freedom Fighter",176
JABALPUR,"Head Post Office Compound","Ex MP",4
JABALPUR,Adhartal,Pensioner,7993
JABALPUR,"Napier Town","Freedom Fighter",22
JAIPUR,"CHANDAN MAHAL",Pensioner,2294
JAIPUR,"JANTA COLONY",Pensioner,2302
JAIPUR,"JANTA COLONY","Ex MP",2
JAIPUR,"BAJAJ NAGAR",Pensioner,5992
JAIPUR,"BANI PARK",Pensioner,9620
JAIPUR,"BANI PARK","Ex MP",12
JAIPUR,"JYOTI NAGAR",Pensioner,6461
KANPUR,"GWALIOR WC",Serving,5238
KANPUR,"RATAN LAL NAGAR",Pensioner,8974
KANPUR,"AZAD NAGAR","Freedom Fighter",1
KANPUR,"SAKET NAGAR",Serving,1190
KOLKATA,Ishapore,Serving,4103
KOLKATA,"LAKE AREA","Freedom Fighter",112
KOLKATA,"LAKE AREA",Pensioner,3783
KOLKATA,"DOVER LANE",Pensioner,7635
KOLKATA,SHYAMBAZAR,Pensioner,16298
KOLKATA,RAJDANGA,Pensioner,8674
KOLKATA,RAJDANGA,"Ex MP",4
KOLKATA,"AIIH&PH Campus CR Avenue",Serving,1707
KOLKATA,"SALT LAKE ,AF",Serving,7370
KOLKATA,"SALT LAKE  EB",Pensioner,2022
KOLKATA,"SALT LAKE  EB","Ex MP",8
LUCKNOW,Aishbagh,"Ex MP",2
LUCKNOW,Aishbagh,Pensioner,722
LUCKNOW,"PMG Office Hazaratganj","Ex MP",15
LUCKNOW,BAREILLY,Pensioner,2466
LUCKNOW,Lucknow6,Serving,13178
LUCKNOW,"Lucknow 1","Ex MP",45
LUCKNOW,Lucknow3,"Freedom Fighter",2
MEERUT,"Shastri Nagar Meerut","Ex MP",5
MEERUT,"Kanker Khera Meerut",Serving,7074
MEERUT,"Gill Colony Saharanpur",Serving,2687
MUMBAI,"C G O NEW MARINE LINES","Lok Sabha MP",1
MUMBAI,"C G O NEW MARINE LINES",Pensioner,5886
MUMBAI,BANDRA,Pensioner,69
MUMBAI,BANDRA,Serving,83
MUMBAI,DEONAR,Pensioner,3022
MUMBAI,OSHIWARA,Pensioner,589
MUMBAI,MULUND,"Ex MP",13
MUMBAI,"PEDDER ROAD","Ex MP",8
MUMBAI,"SAHAR,ANDHERI (W)",Pensioner,1057
MUMBAI,"PAREL ","Freedom Fighter",2
MUMBAI,"KANJURMARG POWAI","Ex MP",2
MUMBAI,BORIVALI,Pensioner,763
MUMBAI,"NEPEAN SEA ROAD","Ex MP",7
MUMBAI,JUHU,Pensioner,7115
MUMBAI,"CGO Polyclinic",Serving,1
MUMBAI,WADALA,"Ex MP",1
MUMBAI,KOLIWADA,Pensioner,4328
MUMBAI,NASHIK,"Lok Sabha MP",1
NAGPUR,CHANDRAPUR,"Freedom Fighter",1
NAGPUR,"CIVIL LINES",Pensioner,2947
NAGPUR,ITWARI,"Ex MP",9
NAGPUR,"SHANKAR NAGAR","Ex MP",4
NAGPUR,SITABULDI,Serving,1658
NAGPUR,"WARDHA ROAD",Serving,2054
PATNA,CHHAPRA,Serving,559
PATNA,"SURYANCHAL BHANDRA GHAT",Pensioner,889
PATNA,"SURYANCHAL BHANDRA GHAT","Ex MP",4
PATNA,"KANKAR BAGH",Serving,7861
PATNA,"Salimpur Dumara,Ashiyana Nagar","Freedom Fighter",20
PATNA,"BUDHA MARG",Serving,14062
PATNA,"BUDHA MARG","Freedom Fighter",292
PRAYAGRAJ,"New Katra","Ex MP",4
PRAYAGRAJ,"BARALAL PUR VARANASI",Pensioner,2172
PRAYAGRAJ,"Lahurabir Varanasi",Pensioner,871
PRAYAGRAJ,"New Katra","Freedom Fighter",1
PRAYAGRAJ,"Lahurabir Varanasi",Serving,2002
PRAYAGRAJ,"Leader Road",Serving,3096
PRAYAGRAJ,Naini,Pensioner,2522
PRAYAGRAJ,"Kalyani Devi","Freedom Fighter",3
PRAYAGRAJ,Drummond,Serving,8214
PRAYAGRAJ,Drummond,Pensioner,3050
PUNE,"GT ROAD EAST STREET","Freedom Fighter",3
PUNE,"MANGALWAR PETH",Serving,990
PUNE,"RANGE HILLS, KIRKEE","Freedom Fighter",16
PUNE,"RANGE HILLS, KIRKEE",Serving,4048
RANCHI,"KANTA TOLI","Ex MP",4
RANCHI,"NEW AG COLONY, DORANDA",Serving,13764
RANCHI,"NEW AG COLONY, DORANDA","Freedom Fighter",3
SHILLONG,Imphal,Serving,5837
SHILLONG,SHILLONG,"Ex MP",2
SHILLONG,"OPP. Raj Bhawan Shillong",Serving,13257
SHILLONG,AGARTALA,"Freedom Fighter",4
TRIVANDRUM,TRIVANDRUM,Pensioner,18488
TRIVANDRUM,CALICUT,"Ex MP",3
TRIVANDRUM,TRIVANDRUM,"Lok Sabha MP",1
TRIVANDRUM,"TRIVANDRUM 3",Serving,3511
TRIVANDRUM,"TRIVANDRUM 3",Pensioner,13846
TRIVANDRUM,"TRIVANDRUM 3","Freedom Fighter",88
"DELHI AND NCR","PANDARA ROAD ","Rajya Sabha MP",53
"DELHI AND NCR","PANDARA ROAD ","Ex MP",152
"DELHI AND NCR","PATEL NAGAR-I(EAST)",Jaurnalist,3
"DELHI AND NCR","NETAJI NAGAR","Freedom Fighter",1
"DELHI AND NCR","GREATER NOIDA ",Serving,26155
"DELHI AND NCR","CHANKAYA PURI",Serving,5193
"DELHI AND NCR","TILAK NAGAR",Serving,9965
"DELHI AND NCR","NANAK PURA",Jaurnalist,19
"DELHI AND NCR","NANAK PURA",Serving,6939
"DELHI AND NCR","NANAK PURA","Ex MP",5
"DELHI AND NCR","DELHI CANTONMENT  ",Pensioner,2605
"DELHI AND NCR","DELHI CANTONMENT  ",Serving,15902
"DELHI AND NCR","NAUROJI NAGAR",Pensioner,451
"DELHI AND NCR","NORTH AVENUE",Jaurnalist,20
"DELHI AND NCR","NORTH AVENUE","Rajya Sabha MP",402
"DELHI AND NCR","SOUTH AVENUE","Lok Sabha MP",7
"DELHI AND NCR","TELEGRAPH LANE","Rajya Sabha MP",44
"DELHI AND NCR","TELEGRAPH LANE","Ex MP",197
"DELHI AND NCR",SHRINIVASPURI,"Freedom Fighter",2
"DELHI AND NCR","PATEL NAGAR-II(WEST)",Pensioner,3871
"DELHI AND NCR","JUNG PURA",Serving,9415
"DELHI AND NCR","MALVIYA NAGAR","Freedom Fighter",3
"DELHI AND NCR","MALVIYA NAGAR",Serving,6977
"DELHI AND NCR","KALKA  JI - I","Freedom Fighter",2
"DELHI AND NCR","R K PURAM-I",Pensioner,3705
"DELHI AND NCR","R K PURAM-I","Ex MP",2
"DELHI AND NCR","R K PURAM-II",Jaurnalist,9
"DELHI AND NCR","HAUZ KHAS","Ex MP",10
"DELHI AND NCR","MAYA PURI (HARI NAGAR)",Serving,7531
"DELHI AND NCR",PAHARGANJ,Jaurnalist,42
"DELHI AND NCR","CBI COLONY",Serving,1141
"DELHI AND NCR","Air india",Pensioner,4
GUWAHATI,"GUWAHATI 1","Freedom Fighter",16
GUWAHATI,"GUWAHATI 1","Rajya Sabha MP",5
GUWAHATI,"GUWAHATI 1",Serving,16620
GUWAHATI,"GUWAHATI 1","Ex MP",24
GUWAHATI,AiZwal,Pensioner,216
GUWAHATI,"GUWAHATI 4",Pensioner,3201
GUWAHATI,"GUWAHATI 2","Freedom Fighter",6
GUWAHATI,"GUWAHATI 2",Serving,12384
GUWAHATI,"GUWAHATI 2","Ex MP",1
HYDERABAD,ALWAL,Serving,13973
HYDERABAD,VISAKHAPATNAM,"Freedom Fighter",4
HYDERABAD,VIJYAWADA,"Freedom Fighter",12
HYDERABAD,CHARMINAR,"Freedom Fighter",43
HYDERABAD,CHARMINAR,Pensioner,4571
HYDERABAD,"A. G COLONY","Ex MP",15
HYDERABAD,"KAKATIYA NAGAR","Freedom Fighter",30
HYDERABAD,"KAKATIYA NAGAR","Ex MP",7
HYDERABAD,"HUMAYUN NAGAR","Ex MP",5
HYDERABAD,"PADMARAO NAGAR","Freedom Fighter",908
HYDERABAD,"PADMARAO NAGAR",Pensioner,7139
HYDERABAD,BEGUMPET,Serving,9414
HYDERABAD,"HIMAYAT NAGAR","Lok Sabha MP",1
HYDERABAD,KACHIGUDA,Serving,4451
HYDERABAD,MALAKPET,Serving,2976
JABALPUR,"Vaidyanathan Nagar",Serving,7177
JABALPUR,"Vaidyanathan Nagar","Freedom Fighter",3
JABALPUR,"Kamla Nehru Nagar","Freedom Fighter",10
JABALPUR,"Napier Town",Pensioner,13368
JAIPUR,"CHANDAN MAHAL",Serving,1792
JAIPUR,"BAJAJ NAGAR",Serving,5390
JAIPUR,"BAJAJ NAGAR","Ex MP",18
JAIPUR,"BANI PARK","Lok Sabha MP",3
JAIPUR,"VIDHYADHAR NAGAR",Pensioner,5351
JAIPUR,"Polyclinic A.G. Colony Bajaj Nagar, ",Pensioner,5
JAIPUR,KOTA,Serving,2053
KANPUR,KENDRANCHAL,Serving,3762
KANPUR,"GWALIOR WC",Pensioner,3062
KANPUR,"RATAN LAL NAGAR","Freedom Fighter",1
KANPUR,"SAKET NAGAR",Pensioner,3281
KANPUR,"R. K. NAGAR","Ex MP",2
KANPUR,"CIVIL LINES",Pensioner,5809
KOLKATA,SILIGURI,Pensioner,1964
KOLKATA,"LAKE AREA",Serving,2779
KOLKATA,Ishapore,"Freedom Fighter",3
KOLKATA,"DOVER LANE","Ex MP",15
KOLKATA,NARKELDANGA,"Freedom Fighter",70
KOLKATA,NARKELDANGA,Pensioner,3665
KOLKATA,"BHOWANIPUR KALIGHAT","Freedom Fighter",23
KOLKATA,"BHOWANIPUR KALIGHAT",Pensioner,2826
KOLKATA,"AIIH&PH Campus CR Avenue",Pensioner,4601
KOLKATA,"MINT COLONY",Serving,4656
KOLKATA,"MINT COLONY","Ex MP",6
KOLKATA,BELVEDERE,Pensioner,2221
KOLKATA,"BBD BAG ",Pensioner,14753
KOLKATA,"BBD BAG ",Serving,3144
KOLKATA,"SALT LAKE ,AF","Ex MP",9
KOLKATA,AIRPORT,Pensioner,21445
KOLKATA,"LAKE TOWN",Serving,4801
KOLKATA,"LAKE TOWN","Ex MP",2
KOLKATA,TOLLYGUNJ,Serving,5542
LUCKNOW,"PMG Office Hazaratganj",Pensioner,1678
LUCKNOW,AGRA,Serving,10515
LUCKNOW,Lucknow5,Serving,8351
LUCKNOW,BAREILLY,Serving,5928
LUCKNOW,Lucknow2,Serving,1278
MEERUT," CGHS WC BAGHPAT",Serving,422
MEERUT," CGHS WC BAGHPAT",Pensioner,970
MEERUT,"AbuLane Meerut","Freedom Fighter",2
MEERUT,"AbuLane Meerut",Pensioner,5403
MEERUT,"Vijay Nagar Meerut",Pensioner,1599
MEERUT,"S K Road Meerut",Serving,3818
MEERUT,"Ambala Road Saharanpur",Pensioner,2
MUMBAI,NASHIK,Pensioner,8218
MUMBAI,"C G O NEW MARINE LINES","Ex MP",20
MUMBAI,BYCULLA,Serving,2670
MUMBAI,DEONAR,Serving,4854
MUMBAI,BHANDUP,Serving,4565
MUMBAI,VIKHROLI,Serving,4
MUMBAI,"PEDDER ROAD",Pensioner,761
MUMBAI,"PEDDER ROAD",Serving,1172
MUMBAI,"SAHAR,ANDHERI (W)",Serving,1539
MUMBAI,"SHEIKH MISTRY, KOLIWADA",Pensioner,1158
MUMBAI,"KANJURMARG POWAI",Pensioner,2902
MUMBAI,"KANJURMARG POWAI",Serving,12290
MUMBAI,BORIVALI,Serving,45
MUMBAI,"NEPEAN SEA ROAD",Serving,1292
MUMBAI,JUHU,"Ex MP",14
MUMBAI,WORLI,"Freedom Fighter",2
MUMBAI,GHATKOPAR,"Freedom Fighter",4
MUMBAI,GHATKOPAR,Serving,8014
MUMBAI,WADALA,"Freedom Fighter",1
MUMBAI,KOLIWADA,"Freedom Fighter",1
MUMBAI,KOLIWADA,Serving,11221
MUMBAI,"CLI SION",Serving,3250
NAGPUR,"PANDRI RAIPUR",Pensioner,1500
NAGPUR,CHANDRAPUR,Pensioner,2123
NAGPUR,Wadi,Pensioner,3594
NAGPUR,"CIVIL LINES",Serving,2898
NAGPUR,"CIVIL LINES","Ex MP",8
NAGPUR,"SEMINARY HILLS",Serving,5855
NAGPUR,"PANCH PAOLI","Freedom Fighter",5
NAGPUR,"PANCH PAOLI",Pensioner,6472
NAGPUR,"MEDICAL SQUARE",Pensioner,5425
NAGPUR,"WARDHA ROAD","Ex MP",11
NAGPUR,"SANKAR DARA",Pensioner,5239
NAGPUR,"SANKAR DARA",Serving,2432
NAGPUR,"PANDRI RAIPUR",Serving,3153
NAGPUR,"TIKRAPARA RAIPUR",Serving,1966
PATNA,GAYA,Serving,3900
PATNA,"BORING CANAL ROAD",Pensioner,1744
PATNA,"SURYANCHAL BHANDRA GHAT","Freedom Fighter",39
PATNA,"SURYANCHAL BHANDRA GHAT",Serving,1705
PATNA,"KANKAR BAGH","Freedom Fighter",219
PATNA,"Salimpur Dumara,Ashiyana Nagar",Pensioner,3418
PATNA,"Salimpur Dumara,Ashiyana Nagar",Serving,13481
PATNA,"BUDHA MARG","Ex MP",13
PATNA,MUZAFFARPUR,Pensioner,428
PRAYAGRAJ,"Kendranchal Colony",Serving,11323
PRAYAGRAJ,"New Katra",Serving,6172
PRAYAGRAJ,"Kalyani Devi","Ex MP",4
PRAYAGRAJ,"Leader Road","Freedom Fighter",4
PUNE,"GT ROAD EAST STREET",Pensioner,5675
PUNE,"PUNE CAMP","Ex MP",1
PUNE,"PUNE CAMP",Pensioner,7948
PUNE,"PHULENAGAR, YERWADA",Serving,7950
PUNE,"PUNE 05",Serving,7211
PUNE,"PUNE 05","Ex MP",2
PUNE,"MUKUND NAGAR","Rajya Sabha MP",2
PUNE,"MUKUND NAGAR",Serving,3072
PUNE,"SHUKRAWAR PETH",Pensioner,8937
RANCHI,"P and T COLONY LALPUR",Serving,4209
RANCHI,"P and T COLONY LALPUR",Pensioner,924
RANCHI,"KANTA TOLI",Pensioner,1760
SHILLONG,AGARTALA,Serving,17235
SHILLONG,Imphal,Pensioner,294
SHILLONG,SHILLONG,Serving,14105
TRIVANDRUM,TRIVANDRUM,Serving,3182
TRIVANDRUM,TRIVANDRUM,"Freedom Fighter",62
TRIVANDRUM,KANNUR,"Freedom Fighter",1
TRIVANDRUM,COCHIN,"Rajya Sabha MP",3
AHMEDABAD,VEJALPUR,"Freedom Fighter",1
AHMEDABAD,"ASHRAM ROAD","Freedom Fighter",17
AHMEDABAD,"ASHRAM ROAD","Ex MP",61
AHMEDABAD,"PRAGATINAGAR, NARANPURA",Serving,7032
AHMEDABAD,"PRAGATINAGAR, NARANPURA","Ex MP",3
BENGALURU,HBR,Pensioner,6175
BENGALURU,Banashankari,"Freedom Fighter",20
BENGALURU,"KA CGHS POLYCLINIC SHIVAJINAGAR",Pensioner,2
BENGALURU,"KA GANGENAHALLI",Pensioner,10520
BENGALURU,"Mysuru Wellness center",Serving,2683
BENGALURU,"KA KORAMANGALA","Freedom Fighter",16
BENGALURU,"KA JAYANAGAR",Pensioner,9097
BENGALURU,"KA JAYANAGAR","Freedom Fighter",21
BENGALURU,"KA VIJAYANAGAR","Ex MP",20
BENGALURU,HBR,"Ex MP",2
BHOPAL,"Air India",Serving,4
BHOPAL,"JAHANGIRABAD BP – 1","Ex MP",25
BHOPAL,INDORE1,"Freedom Fighter",3
BHUBANESHWAR,"KHARAVELA NAGAR","Freedom Fighter",78
BHUBANESHWAR," CGHS WC BERHAMPUR",Pensioner,862
CHANDIGARH,"CHD Sec 29",Serving,4885
CHANDIGARH,JALANDHAR,Serving,7473
CHANDIGARH,"CGHS WC-2 Jammu",Serving,669
CHANDIGARH,AMBALA,Serving,6252
CHENNAI,MEENAMBAKKAM,"Freedom Fighter",6
CHENNAI,NUNGAMBAKKAM,"Freedom Fighter",1
CHENNAI,RAPURAM,Pensioner,1541
CHENNAI,RAPURAM,"Ex MP",19
CHENNAI,PUDUCHERRY,"Freedom Fighter",2
CHENNAI,ROYAPURAM,"Ex MP",4
CHENNAI,PUDUCHERRY,Pensioner,2559
CHENNAI,PUDUCHERRY,"Ex MP",2
CHENNAI,TRICHY,Pensioner,4775
CHENNAI,COIMBATORE,"Lok Sabha MP",3
CHENNAI,COIMBATORE,Serving,2870
CHENNAI,ADYAR,"Ex MP",32
CHENNAI,AVADI,"Freedom Fighter",5
CHENNAI,GOPALAPURAM,Serving,2195
DEHRADUN,"CHAKARATA ROAD","Freedom Fighter",1
DEHRADUN,DEHRADUN,Serving,16040
DEHRADUN,DEHRADUN,Pensioner,14911
DEHRADUN,"CHAKARATA ROAD",Pensioner,8085
"DELHI AND NCR","SHAKUR BASTI",Serving,8494
"DELHI AND NCR",INDERPURI,Serving,6593
"DELHI AND NCR","R K PURAM-V",Pensioner,3869
"DELHI AND NCR","R K PURAM-V","Ex MP",2
"DELHI AND NCR","NANGAL RAYA",Jaurnalist,28
"DELHI AND NCR","NANGAL RAYA",Serving,18134
"DELHI AND NCR","KINGSWAY CAMP","Freedom Fighter",7
"DELHI AND NCR",JANAKPURI-I,Jaurnalist,162
"DELHI AND NCR","MEHRAULI BADARPUR ROAD (M B ROAD)",Serving,26909
"DELHI AND NCR","MEHRAULI BADARPUR ROAD (M B ROAD)","Ex MP",10
"DELHI AND NCR","PALAM COLONY",Pensioner,15312
"DELHI AND NCR","PALAM COLONY",Serving,66418
"DELHI AND NCR","LAXMI NAGAR","Freedom Fighter",2
"DELHI AND NCR","LAXMI NAGAR",Serving,32914
"DELHI AND NCR",GHAZIABAD,Jaurnalist,186
"DELHI AND NCR",GHAZIABAD,Serving,40945
"DELHI AND NCR",GHAZIABAD,"Ex MP",8
"DELHI AND NCR","R K PURAM-VI",Jaurnalist,21
"DELHI AND NCR","TIMAR PUR ",Serving,27148
"DELHI AND NCR",FARIDABAD,Pensioner,13622
"DELHI AND NCR",MUNIRKA,Serving,19463
"DELHI AND NCR","GURUGRAM SECTOR 5",Serving,30050
"DELHI AND NCR","GURUGRAM SECTOR 5","Ex MP",11
"DELHI AND NCR",JANAKPURI-II,Pensioner,5795
"DELHI AND NCR","VIVEK VIHAR",Pensioner,5277
"DELHI AND NCR","PASCHIM VIHAR","Freedom Fighter",23
"DELHI AND NCR",PITAMPURA,Jaurnalist,28
"DELHI AND NCR","SUNDER VIHAR ","Freedom Fighter",5
"DELHI AND NCR","SUNDER VIHAR ",Jaurnalist,24
"DELHI AND NCR","SUNDER VIHAR ",Serving,24085
"DELHI AND NCR","YAMUNA VIHAR",Pensioner,18181
"DELHI AND NCR","NOIDA ",Jaurnalist,326
"DELHI AND NCR",ROHINI,"Freedom Fighter",2
"DELHI AND NCR",ROHINI,Pensioner,12757
"DELHI AND NCR","ROHINI Sec 16",Jaurnalist,42
"DELHI AND NCR","ROHINI Sec 16",Serving,24468
"DELHI AND NCR","ROHINI Sec 16","Ex MP",1
"DELHI AND NCR","LODHI ROAD-I (ALI GANJ)",Pensioner,2320
"DELHI AND NCR","SARITA VIHAR","Freedom Fighter",8
"DELHI AND NCR","SARITA VIHAR",Jaurnalist,218
"DELHI AND NCR","SARITA VIHAR",Serving,23620
"DELHI AND NCR","VASANT KUNJ",Jaurnalist,53
"DELHI AND NCR","GURUGRAM SECTOR 55","Freedom Fighter",9
"DELHI AND NCR","GURUGRAM SECTOR 55",Jaurnalist,7
"DELHI AND NCR",SHAHIBABAD,Pensioner,5439
"DELHI AND NCR","VASANT VIHAR",Serving,4456
"DELHI AND NCR",INDIRAPURAM,Serving,19010
"DELHI AND NCR",INDIRAPURAM,"Ex MP",6
"DELHI AND NCR",NARAINA,Jaurnalist,14
"DELHI AND NCR","LODHI ROAD II",Jaurnalist,2
"DELHI AND NCR","DWARKA SECTOR 23",Jaurnalist,18
"DELHI AND NCR","DWARKA SECTOR 23",Pensioner,5219
"DELHI AND NCR",PATPARGANJ,Jaurnalist,74
"DELHI AND NCR","MAYUR VIHAR PH II",Pensioner,2018
"DELHI AND NCR","ZILLA SAINIK BOARD FARIDABAD",Jaurnalist,10
"DELHI AND NCR","KIDWAI NAGAR","Ex MP",2
"DELHI AND NCR","SAROJINI NAGAR I",Serving,1894
"DELHI AND NCR","SAROJINI NAGAR II",Serving,542
"DELHI AND NCR","LAXMIBAI NAGAR",Pensioner,4080
"DELHI AND NCR",MOTIBAGH,Serving,7392
"DELHI AND NCR",KAROLBAGH,Serving,377
"DELHI AND NCR","VIKAS PURI",Jaurnalist,23
"DELHI AND NCR","DEV NAGAR",Pensioner,3110
"DELHI AND NCR","DEV NAGAR",Serving,7002
AHMEDABAD,Vadodara,Serving,11045
AHMEDABAD,"ASHRAM ROAD",Pensioner,8602
AHMEDABAD,NAVRANGPURA,"Freedom Fighter",11
AHMEDABAD,NARODA,Serving,5710
AHMEDABAD,"ASHRAM ROAD POLICILINIC",Serving,16
AHMEDABAD,"GANDHI NAGAR","Rajya Sabha MP",5
AHMEDABAD,BOPAL,Pensioner,1720
BENGALURU,Banashankari,"Ex MP",3
BENGALURU,Banashankari,Pensioner,7581
BENGALURU,"KA SESHADRIPURAM",Serving,5523
BENGALURU,"KA SHIVAJINAGAR","Ex MP",35
BENGALURU,"KA GANGENAHALLI","Lok Sabha MP",2
BENGALURU,"KA DOMLUR","Ex MP",3
BENGALURU,"KA GANGENAHALLI","Ex MP",33
BENGALURU,"Air India Bangalore",Pensioner,4
BENGALURU,"KA DOMLUR",Pensioner,5326
BENGALURU,"KA DOMLUR","Freedom Fighter",4
BENGALURU,"KA KORAMANGALA","Ex MP",8
BENGALURU,"KA JAYANAGAR",Serving,3661
BENGALURU,"KA VIJAYANAGAR","Freedom Fighter",120
BHOPAL,"Air India",Pensioner,3
BHOPAL,INDORE1,"Ex MP",12
BHUBANESHWAR,"OLD AG COLONY",Pensioner,5230
BHUBANESHWAR,"KHARAVELA NAGAR",Pensioner,4715
BHUBANESHWAR,"Air India",Pensioner,27
BHUBANESHWAR,"KHARAVELA NAGAR","Ex MP",105
BHUBANESHWAR,"PMG Square","Ex MP",7
CHANDIGARH,"CHD Sec 45","Freedom Fighter",17
CHANDIGARH,"CHD Sec 45","Lok Sabha MP",5
CHANDIGARH,"CHD Sec 29",Pensioner,644
CHANDIGARH,"Sanat nagar Srinagar","Freedom Fighter",1
CHANDIGARH,"Sanat nagar Srinagar",Pensioner,406
CHANDIGARH,"Sanat nagar Srinagar",Serving,5565
CHENNAI,NANDAMBAKKAM,"Freedom Fighter",2
CHENNAI,TRIPLICANE,Pensioner,1558
CHENNAI,ADYAR,Serving,5312
CHENNAI,"ANNA NAGAR",Pensioner,10313
CHENNAI,"ANNA NAGAR",Serving,11703
CHENNAI,GUINDY,"Ex MP",37
CHENNAI,"K K NAGAR",Pensioner,13043
DEHRADUN,"RAIPUR ROAD","Freedom Fighter",1
DEHRADUN,"RAIPUR ROAD",Pensioner,11394
DEHRADUN,"CHAKARATA ROAD",Serving,4411
DEHRADUN,DEHRADUN,"Ex MP",8
"DELHI AND NCR","R K PURAM-IV",Pensioner,4200
"DELHI AND NCR","R K PURAM-IV","Ex MP",9
"DELHI AND NCR","SHAKUR BASTI",Jaurnalist,5
"DELHI AND NCR","SHAKUR BASTI",Pensioner,7144
"DELHI AND NCR","G.K.G Krishna Nagar","Freedom Fighter",1
"DELHI AND NCR","G.K.G Krishna Nagar",Serving,11478
"DELHI AND NCR","KINGSWAY CAMP",Jaurnalist,19
"DELHI AND NCR","KINGSWAY CAMP",Serving,41864
"DELHI AND NCR","SADIQ NAGAR",Jaurnalist,24
"DELHI AND NCR","SADIQ NAGAR",Pensioner,4364
"DELHI AND NCR","TRI NAGAR",Pensioner,1500
"DELHI AND NCR","PALAM COLONY","Ex MP",3
"DELHI AND NCR",GHAZIABAD,"Freedom Fighter",5
"DELHI AND NCR","R K PURAM-VI",Serving,7420
"DELHI AND NCR",FARIDABAD,"Freedom Fighter",9
"DELHI AND NCR",FARIDABAD,Serving,18116
"DELHI AND NCR",MUNIRKA,"Freedom Fighter",1
"DELHI AND NCR",MUNIRKA,Pensioner,1334
"DELHI AND NCR",JANAKPURI-II,Serving,2908
"DELHI AND NCR","KALI BARI",Pensioner,2630
"DELHI AND NCR","PUSHP VIHAR(PUSHP VIHAR SECTOR 4) ","Ex MP",2
"DELHI AND NCR","VIVEK VIHAR",Serving,3647
"DELHI AND NCR","CHANDNI CHOWK",Serving,4427
"DELHI AND NCR",PITAMPURA,Pensioner,7276
"DELHI AND NCR",PITAMPURA,Serving,13792
"DELHI AND NCR","PRAGATI  VIHAR",Pensioner,971
"DELHI AND NCR","YAMUNA VIHAR","Freedom Fighter",1
"DELHI AND NCR","YAMUNA VIHAR","Ex MP",4
"DELHI AND NCR","NOIDA ","Freedom Fighter",9
"DELHI AND NCR","DILSHAD GARDEN",Serving,13497
"DELHI AND NCR","SHALIMAR BAGH",Jaurnalist,36
"DELHI AND NCR","SHALIMAR BAGH",Serving,10120
"DELHI AND NCR","ROHINI Sec 16","Freedom Fighter",11
"DELHI AND NCR","ROHINI Sec 16",Pensioner,11169
"DELHI AND NCR","VASANT KUNJ",Pensioner,6358
"DELHI AND NCR","SUPREME COURT",Serving,13
"DELHI AND NCR","NOIDA SECTOR 82",Pensioner,5589
"DELHI AND NCR","VASANT VIHAR",Jaurnalist,12
"DELHI AND NCR","VASANT VIHAR",Pensioner,757
"DELHI AND NCR","GOLE MARKET ","Freedom Fighter",2
"DELHI AND NCR","GOLE MARKET ",Jaurnalist,23
"DELHI AND NCR","GOLE MARKET ",Pensioner,3904
"DELHI AND NCR","GOLE MARKET ",Serving,13087
"DELHI AND NCR","MAYUR VIHAR PH II",Jaurnalist,51
"DELHI AND NCR",SONIPAT,Serving,12293
"DELHI AND NCR",Narela,Serving,5780
"DELHI AND NCR","Pratap Vihar",Serving,194
"DELHI AND NCR",LAJPATNAGAR,"Freedom Fighter",1
"DELHI AND NCR","SAROJINI NAGAR I","Freedom Fighter",1
"DELHI AND NCR","SAROJINI NAGAR II",Pensioner,245
"DELHI AND NCR","PUSA ROAD",Pensioner,2167
"DELHI AND NCR","PANDARA ROAD ","Freedom Fighter",3
"DELHI AND NCR","PANDARA ROAD ",Pensioner,2248
"DELHI AND NCR","PATEL NAGAR-I(EAST)","Freedom Fighter",1
"DELHI AND NCR","PATEL NAGAR-I(EAST)",Serving,769
"DELHI AND NCR","NETAJI NAGAR",Pensioner,1308
"DELHI AND NCR","CHANKAYA PURI","Ex MP",9
"DELHI AND NCR","NAUROJI NAGAR",Serving,1240
"DELHI AND NCR","NORTH AVENUE",Serving,3278
"DELHI AND NCR","NORTH AVENUE","Ex MP",1361
"DELHI AND NCR","SOUTH AVENUE",Jaurnalist,8
"DELHI AND NCR","TELEGRAPH LANE",Jaurnalist,36
"DELHI AND NCR","DWARKA SECTOR 9","Freedom Fighter",4
"DELHI AND NCR","DWARKA SECTOR 9",Jaurnalist,105
"DELHI AND NCR",SHRINIVASPURI,Pensioner,4601
"DELHI AND NCR",SHRINIVASPURI,"Ex MP",10
"DELHI AND NCR","ANDREWS GANJ",Jaurnalist,46
"DELHI AND NCR","MINTO ROAD",Jaurnalist,7
"DELHI AND NCR","KALKA  JI - I",Serving,12002
"DELHI AND NCR","DR Z.H ROAD",Pensioner,1632
"DELHI AND NCR","CBI COLONY",Pensioner,271
"DELHI AND NCR","PHA (ANNEXE) ","Lok Sabha MP",1605
GUWAHATI,AiZwal,Serving,5639
GUWAHATI,Gangtok,Serving,2543
GUWAHATI,KOHIMA,Pensioner,50
GUWAHATI,"GUWAHATI 5",Serving,5875
GUWAHATI,"GUWAHATI 5",Pensioner,1017
GUWAHATI,"GUWAHATI 4","Ex MP",13
GUWAHATI,"GUWAHATI 4",Serving,5257
HYDERABAD,ALWAL,"Freedom Fighter",48
HYDERABAD,VISAKHAPATNAM,Serving,4800
HYDERABAD,"VISAKHAPATNAM WC NO 2","Freedom Fighter",1
HYDERABAD,"VISAKHAPATNAM WC NO 2",Pensioner,10438
HYDERABAD,NELLORE,Pensioner,2964
HYDERABAD,CHARMINAR,"Ex MP",1
HYDERABAD,"A. G COLONY",Serving,7473
HYDERABAD,"KAKATIYA NAGAR",Serving,8269
HYDERABAD,DILSUKHNAGAR,Pensioner,7111
HYDERABAD,TARNAKA,"Freedom Fighter",179
HYDERABAD,TARNAKA,Serving,12152
HYDERABAD,BEGUMPET,Pensioner,12501
HYDERABAD,KACHIGUDA,Pensioner,5897
HYDERABAD,MALAKPET,Pensioner,5631
HYDERABAD,KANCHANBAGH,Pensioner,9432
JABALPUR,"Head Post Office Compound",Serving,6514
JABALPUR,"Head Post Office Compound","Freedom Fighter",3
JABALPUR,"Napier Town",Serving,3591
JABALPUR,"Kamla Nehru Nagar",Pensioner,13855
JABALPUR,Adhartal,"Freedom Fighter",2
JAIPUR,"Air India",Pensioner,2
JAIPUR,"JANTA COLONY","Freedom Fighter",1
JAIPUR,"BANI PARK",Serving,8653
JAIPUR,"JYOTI NAGAR","Freedom Fighter",1
JAIPUR,"MALVIYA NAGAR",Pensioner,5647
JAIPUR,"VIDHYADHAR NAGAR",Serving,7974
JAIPUR,"VIDHYADHAR NAGAR","Ex MP",3
JAIPUR,JODHPUR,"Ex MP",8
KANPUR,KENDRANCHAL,Pensioner,7149
KANPUR,"RAKSHA VIHAR",Pensioner,8838
KANPUR,"PANDU NAGAR",Pensioner,13185
KANPUR,"PANDU NAGAR","Ex MP",7
KANPUR,"SAKET NAGAR","Freedom Fighter",2
KANPUR,"R. K. NAGAR",Pensioner,3104
KANPUR,"CIVIL LINES","Ex MP",3
KANPUR,"KHAPRA MOHAL",Pensioner,3328
KOLKATA,Ishapore,Pensioner,8296
KOLKATA,"DOVER LANE",Serving,5812
KOLKATA,NARKELDANGA,"Ex MP",6
KOLKATA,SHYAMBAZAR,"Freedom Fighter",154
KOLKATA,"AIIH&PH Campus CR Avenue","Freedom Fighter",29
KOLKATA,"MINT COLONY",Pensioner,8601
KOLKATA,BELVEDERE,"Freedom Fighter",19
KOLKATA,BELVEDERE,Serving,3813
KOLKATA,TOLLYGUNJ,Pensioner,8361
KOLKATA,TOLLYGUNJ,"Ex MP",1
KOLKATA,"Motilal Gupta Road",Pensioner,5083
KOLKATA,"Motilal Gupta Road",Serving,4048
LUCKNOW,"PMG Office Hazaratganj",Serving,2618
LUCKNOW,GORAKHPUR,Pensioner,1280
LUCKNOW,Lucknow4,Serving,2950
LUCKNOW,Lucknow5,"Ex MP",10
LUCKNOW,GORAKHPUR,Serving,3185
LUCKNOW,Lucknow6,"Lok Sabha MP",1
LUCKNOW,Lucknow6,"Ex MP",15
LUCKNOW,"GOL Market",Pensioner,2197
LUCKNOW,"Lucknow 1","Freedom Fighter",2
LUCKNOW,"Lucknow 1",Pensioner,7535
LUCKNOW,Lucknow2,"Freedom Fighter",3
LUCKNOW,Lucknow2,Pensioner,1479
LUCKNOW,Lucknow2,"Ex MP",23
MEERUT,"AbuLane Meerut",Serving,5781
MEERUT,"Shastri Nagar Meerut","Freedom Fighter",5
MEERUT,"Shastri Nagar Meerut",Pensioner,3062
MEERUT,"S K Road Meerut","Freedom Fighter",6
MEERUT,"Lekha Nagar Meerut",Pensioner,2622
MEERUT," CGHS WC ALIGARH",Serving,2325
MUMBAI,NASHIK,"Ex MP",2
MUMBAI,BYCULLA,Pensioner,1592
MUMBAI,AMBARNATH,Serving,7592
MUMBAI,"CBD BELAPUR",Pensioner,11715
MUMBAI,WAKOLA,Pensioner,3470
MUMBAI,"PEDDER ROAD","Freedom Fighter",1
MUMBAI,KANDIVALI,"Ex MP",5
MUMBAI,"SHEIKH MISTRY, KOLIWADA",Serving,12568
MUMBAI,"PAREL ",Jaurnalist,1
MUMBAI,SEEPZ,Serving,1797
MUMBAI,"NEPEAN SEA ROAD",Pensioner,471
MUMBAI,JUHU,Serving,3469
MUMBAI,WORLI,Pensioner,2847
MUMBAI,WORLI,"Ex MP",5
MUMBAI,SANTAKRUZ,"Freedom Fighter",4
MUMBAI,WADALA,Serving,3375
NAGPUR,"CHINDWARA ROAD",Pensioner,13
NAGPUR,CHANDRAPUR,Serving,374
NAGPUR,"KATOL ROAD","Ex MP",1
NAGPUR,"CIVIL LINES","Freedom Fighter",6
NAGPUR,"SHANKAR NAGAR","Freedom Fighter",5
NAGPUR,"WARDHA ROAD","Freedom Fighter",18
NAGPUR,"WARDHA ROAD",Pensioner,8543
NAGPUR,"PANDRI RAIPUR","Ex MP",6
NAGPUR,"TIKRAPARA RAIPUR",Pensioner,925
NAGPUR,"TIKRAPARA RAIPUR","Ex MP",4
NAGPUR,"Air India",Pensioner,27
PATNA,CHHAPRA,Pensioner,216
PATNA,"BORING CANAL ROAD","Freedom Fighter",153
PATNA,"POLYCLINIC BUDH MARG PATNA",Pensioner,3
PATNA,"KANKAR BAGH",Pensioner,2921
PATNA,"Salimpur Dumara,Ashiyana Nagar","Ex MP",5
PRAYAGRAJ,"Leader Road",Pensioner,2933
PRAYAGRAJ,"Kalyani Devi",Serving,1701
PRAYAGRAJ,"Kalyani Devi",Pensioner,2625
PRAYAGRAJ,"Jawahar Lal Nehru Road","Ex MP",8
PUNE,"GT ROAD EAST STREET",Serving,3285
PUNE,"MUKUND NAGAR","Ex MP",25
RANCHI,"Air India",Pensioner,4
RANCHI,"KANTA TOLI",Serving,2783
SHILLONG,AGARTALA,Pensioner,1148
SHILLONG,SHILLONG,"Freedom Fighter",1
SHILLONG,"OPP. Raj Bhawan Shillong","Freedom Fighter",2
SHILLONG,"OPP. Raj Bhawan Shillong",Pensioner,1025
TRIVANDRUM,COCHIN,"Ex MP",11
TRIVANDRUM,CALICUT,"Freedom Fighter",2
TRIVANDRUM,CALICUT,Serving,754
TRIVANDRUM,"TRIVANDRUM 2",Pensioner,10028
TRIVANDRUM,"TRIVANDRUM 2","Freedom Fighter",18
TRIVANDRUM,"Air India",Pensioner,5
TRIVANDRUM,"TRIVANDRUM 2","Ex MP",18
TRIVANDRUM,KANNUR,Pensioner,2477
TRIVANDRUM,"TRIVANDRUM 2",Serving,3779
TRIVANDRUM,"TRIVANDRUM 3","Ex MP",30
